{
    "H": {
        "1": {
            "I": {
                "r_crystal": -0.24,
                "remark": "",
                "spin": "",
                "r_ionic": -0.38
            },
            "II": {
                "r_crystal": -0.04,
                "remark": "",
                "spin": "",
                "r_ionic": -0.18
            }
        },
        "0": {
            "r_cordero": 0.31,
            "r_crystal": 0.32
        }
    }
,
    "Li": {
        "1": {
            "VI": {
                "r_crystal": 0.9,
                "remark": "*",
                "spin": "",
                "r_ionic": 0.76
            },
            "VIII": {
                "r_crystal": 1.06,
                "remark": "C",
                "spin": "",
                "r_ionic": 0.92
            },
            "IV": {
                "r_crystal": 0.73,
                "remark": "*",
                "spin": "",
                "r_ionic": 0.59
            }
        },
        "0": {
            "r_cordero": 1.28,
            "r_crystal": 1.33
        }
    }
,
    "Be": {
        "2": {
            "VI": {
                "r_crystal": 0.59,
                "remark": "C",
                "spin": "",
                "r_ionic": 0.45
            },
            "III": {
                "r_crystal": 0.3,
                "remark": "",
                "spin": "",
                "r_ionic": 0.16
            },
            "IV": {
                "r_crystal": 0.41,
                "remark": "*",
                "spin": "",
                "r_ionic": 0.27
            }
        },
        "0": {
            "r_cordero": 0.96,
            "r_crystal": 1.02
        }
    }
,
    "B": {
        "3": {
            "VI": {
                "r_crystal": 0.41,
                "remark": "C",
                "spin": "",
                "r_ionic": 0.27
            },
            "III": {
                "r_crystal": 0.15,
                "remark": "*",
                "spin": "",
                "r_ionic": 0.01
            },
            "IV": {
                "r_crystal": 0.25,
                "remark": "*",
                "spin": "",
                "r_ionic": 0.11
            }
        },
        "0": {
            "r_cordero": 0.84,
            "r_crystal": 0.85
        }
    }
,
    "C": {
        "4": {
            "VI": {
                "r_crystal": 0.3,
                "remark": "A",
                "spin": "",
                "r_ionic": 0.16
            },
            "III": {
                "r_crystal": 0.06,
                "remark": "",
                "spin": "",
                "r_ionic": -0.08
            },
            "IV": {
                "r_crystal": 0.29,
                "remark": "P",
                "spin": "",
                "r_ionic": 0.15
            }
        },
        "0": {
            "r_cordero": 0.73,
            "r_crystal": 0.75
        }
    }
,
    "N": {
        "3": {
            "VI": {
                "r_crystal": 0.3,
                "remark": "A",
                "spin": "",
                "r_ionic": 0.16
            }
        },
        "5": {
            "VI": {
                "r_crystal": 0.27,
                "remark": "A",
                "spin": "",
                "r_ionic": 0.13
            },
            "III": {
                "r_crystal": 0.044,
                "remark": "",
                "spin": "",
                "r_ionic": -0.104
            }
        },
        "-3": {
            "IV": {
                "r_crystal": 1.32,
                "remark": "",
                "spin": "",
                "r_ionic": 1.46
            }
        },
        "0": {
            "r_cordero": 0.71,
            "r_crystal": 0.71
        }
    }
,
    "O": {
        "-2": {
            "II": {
                "r_crystal": 1.21,
                "remark": "",
                "spin": "",
                "r_ionic": 1.35
            },
            "VI": {
                "r_crystal": 1.26,
                "remark": "",
                "spin": "",
                "r_ionic": 1.4
            },
            "III": {
                "r_crystal": 1.22,
                "remark": "",
                "spin": "",
                "r_ionic": 1.36
            },
            "VIII": {
                "r_crystal": 1.28,
                "remark": "",
                "spin": "",
                "r_ionic": 1.42
            },
            "IV": {
                "r_crystal": 1.24,
                "remark": "",
                "spin": "",
                "r_ionic": 1.38
            }
        },
        "0": {
            "r_cordero": 0.66,
            "r_crystal": 0.63
        }
    }
,
    "F": {
        "-1": {
            "II": {
                "r_crystal": 1.145,
                "remark": "",
                "spin": "",
                "r_ionic": 1.285
            },
            "VI": {
                "r_crystal": 1.19,
                "remark": "",
                "spin": "",
                "r_ionic": 1.33
            },
            "III": {
                "r_crystal": 1.16,
                "remark": "",
                "spin": "",
                "r_ionic": 1.3
            },
            "IV": {
                "r_crystal": 1.17,
                "remark": "",
                "spin": "",
                "r_ionic": 1.31
            }
        },
        "7": {
            "VI": {
                "r_crystal": 0.22,
                "remark": "A",
                "spin": "",
                "r_ionic": 0.08
            }
        },
        "0": {
            "r_cordero": 0.57,
            "r_crystal": 0.64
        }
    }
,
    "Na": {
        "1": {
            "IX": {
                "r_crystal": 1.38,
                "remark": "C",
                "spin": "",
                "r_ionic": 1.24
            },
            "VI": {
                "r_crystal": 1.16,
                "remark": "",
                "spin": "",
                "r_ionic": 1.02
            },
            "VII": {
                "r_crystal": 1.26,
                "remark": "",
                "spin": "",
                "r_ionic": 1.12
            },
            "IV": {
                "r_crystal": 1.13,
                "remark": "",
                "spin": "",
                "r_ionic": 0.99
            },
            "VIII": {
                "r_crystal": 1.32,
                "remark": "",
                "spin": "",
                "r_ionic": 1.18
            },
            "XII": {
                "r_crystal": 1.53,
                "remark": "",
                "spin": "",
                "r_ionic": 1.39
            },
            "V": {
                "r_crystal": 1.14,
                "remark": "",
                "spin": "",
                "r_ionic": 1
            }
        },
        "0": {
            "r_cordero": 1.66,
            "r_crystal": 1.55
        }
    }
,
    "Mg": {
        "2": {
            "VI": {
                "r_crystal": 0.86,
                "remark": "*",
                "spin": "",
                "r_ionic": 0.72
            },
            "V": {
                "r_crystal": 0.8,
                "remark": "",
                "spin": "",
                "r_ionic": 0.66
            },
            "VIII": {
                "r_crystal": 1.03,
                "remark": "C",
                "spin": "",
                "r_ionic": 0.89
            },
            "IV": {
                "r_crystal": 0.71,
                "remark": "",
                "spin": "",
                "r_ionic": 0.57
            }
        },
        "0": {
            "r_cordero": 1.41,
            "r_crystal": 1.39
        }
    }
,
    "Al": {
        "3": {
            "VI": {
                "r_crystal": 0.675,
                "remark": "R*",
                "spin": "",
                "r_ionic": 0.535
            },
            "V": {
                "r_crystal": 0.62,
                "remark": "",
                "spin": "",
                "r_ionic": 0.48
            },
            "IV": {
                "r_crystal": 0.53,
                "remark": "*",
                "spin": "",
                "r_ionic": 0.39
            }
        },
        "0": {
            "r_cordero": 1.21,
            "r_crystal": 1.26
        }
    }
,
    "Si": {
        "4": {
            "VI": {
                "r_crystal": 0.54,
                "remark": "R*",
                "spin": "",
                "r_ionic": 0.4
            },
            "IV": {
                "r_crystal": 0.4,
                "remark": "*",
                "spin": "",
                "r_ionic": 0.26
            }
        },
        "0": {
            "r_cordero": 1.11,
            "r_crystal": 1.16
        }
    }
,
    "P": {
        "3": {
            "VI": {
                "r_crystal": 0.58,
                "remark": "A",
                "spin": "",
                "r_ionic": 0.44
            }
        },
        "5": {
            "VI": {
                "r_crystal": 0.52,
                "remark": "C",
                "spin": "",
                "r_ionic": 0.38
            },
            "V": {
                "r_crystal": 0.43,
                "remark": "",
                "spin": "",
                "r_ionic": 0.29
            },
            "IV": {
                "r_crystal": 0.31,
                "remark": "*",
                "spin": "",
                "r_ionic": 0.17
            }
        },
        "0": {
            "r_cordero": 1.07,
            "r_crystal": 1.11
        }
    }
,
    "S": {
        "6": {
            "VI": {
                "r_crystal": 0.43,
                "remark": "C",
                "spin": "",
                "r_ionic": 0.29
            },
            "IV": {
                "r_crystal": 0.26,
                "remark": "*",
                "spin": "",
                "r_ionic": 0.12
            }
        },
        "4": {
            "VI": {
                "r_crystal": 0.51,
                "remark": "A",
                "spin": "",
                "r_ionic": 0.37
            }
        },
        "-2": {
            "VI": {
                "r_crystal": 1.7,
                "remark": "P",
                "spin": "",
                "r_ionic": 1.84
            }
        },
        "0": {
            "r_cordero": 1.05,
            "r_crystal": 1.03
        }
    }
,
    "Cl": {
        "5": {
            "IIIPY": {
                "r_crystal": 0.26,
                "remark": "",
                "spin": "",
                "r_ionic": 0.12
            }
        },
        "-1": {
            "VI": {
                "r_crystal": 1.67,
                "remark": "P",
                "spin": "",
                "r_ionic": 1.81
            }
        },
        "7": {
            "VI": {
                "r_crystal": 0.41,
                "remark": "A",
                "spin": "",
                "r_ionic": 0.27
            },
            "IV": {
                "r_crystal": 0.22,
                "remark": "*",
                "spin": "",
                "r_ionic": 0.08
            }
        },
        "0": {
            "r_cordero": 1.02,
            "r_crystal": 0.99
        }
    }
,
    "K": {
        "1": {
            "IX": {
                "r_crystal": 1.69,
                "remark": "",
                "spin": "",
                "r_ionic": 1.55
            },
            "VI": {
                "r_crystal": 1.52,
                "remark": "",
                "spin": "",
                "r_ionic": 1.38
            },
            "VII": {
                "r_crystal": 1.6,
                "remark": "",
                "spin": "",
                "r_ionic": 1.46
            },
            "IV": {
                "r_crystal": 1.51,
                "remark": "",
                "spin": "",
                "r_ionic": 1.37
            },
            "VIII": {
                "r_crystal": 1.65,
                "remark": "",
                "spin": "",
                "r_ionic": 1.51
            },
            "XII": {
                "r_crystal": 1.78,
                "remark": "",
                "spin": "",
                "r_ionic": 1.64
            },
            "X": {
                "r_crystal": 1.73,
                "remark": "",
                "spin": "",
                "r_ionic": 1.59
            }
        },
        "0": {
            "r_cordero": 2.03,
            "r_crystal": 1.96
        }
    }
,
    "Ca": {
        "2": {
            "IX": {
                "r_crystal": 1.32,
                "remark": "",
                "spin": "",
                "r_ionic": 1.18
            },
            "VI": {
                "r_crystal": 1.14,
                "remark": "",
                "spin": "",
                "r_ionic": 1
            },
            "VII": {
                "r_crystal": 1.2,
                "remark": "*",
                "spin": "",
                "r_ionic": 1.06
            },
            "VIII": {
                "r_crystal": 1.26,
                "remark": "*",
                "spin": "",
                "r_ionic": 1.12
            },
            "XII": {
                "r_crystal": 1.48,
                "remark": "C",
                "spin": "",
                "r_ionic": 1.34
            },
            "X": {
                "r_crystal": 1.37,
                "remark": "C",
                "spin": "",
                "r_ionic": 1.23
            }
        },
        "0": {
            "r_cordero": 1.76,
            "r_crystal": 1.71
        }
    }
,
    "Sc": {
        "3": {
            "VI": {
                "r_crystal": 0.885,
                "remark": "R*",
                "spin": "",
                "r_ionic": 0.745
            },
            "VIII": {
                "r_crystal": 1.01,
                "remark": "R*",
                "spin": "",
                "r_ionic": 0.87
            }
        },
        "0": {
            "r_cordero": 1.7,
            "r_crystal": 1.48
        }
    }
,
    "Ti": {
        "3": {
            "VI": {
                "r_crystal": 0.81,
                "remark": "R*",
                "spin": "",
                "r_ionic": 0.67
            }
        },
        "2": {
            "VI": {
                "r_crystal": 1,
                "remark": "E",
                "spin": "",
                "r_ionic": 0.86
            }
        },
        "4": {
            "VI": {
                "r_crystal": 0.745,
                "remark": "R*",
                "spin": "",
                "r_ionic": 0.605
            },
            "V": {
                "r_crystal": 0.65,
                "remark": "C",
                "spin": "",
                "r_ionic": 0.51
            },
            "VIII": {
                "r_crystal": 0.88,
                "remark": "C",
                "spin": "",
                "r_ionic": 0.74
            },
            "IV": {
                "r_crystal": 0.56,
                "remark": "C",
                "spin": "",
                "r_ionic": 0.42
            }
        },
        "0": {
            "r_cordero": 1.6,
            "r_crystal": 1.36
        }
    }
,
    "V": {
        "3": {
            "VI": {
                "r_crystal": 0.78,
                "remark": "R*",
                "spin": "",
                "r_ionic": 0.64
            }
        },
        "2": {
            "VI": {
                "r_crystal": 0.93,
                "remark": "",
                "spin": "",
                "r_ionic": 0.79
            }
        },
        "5": {
            "VI": {
                "r_crystal": 0.68,
                "remark": "",
                "spin": "",
                "r_ionic": 0.54
            },
            "V": {
                "r_crystal": 0.6,
                "remark": "*",
                "spin": "",
                "r_ionic": 0.46
            },
            "IV": {
                "r_crystal": 0.495,
                "remark": "R*",
                "spin": "",
                "r_ionic": 0.355
            }
        },
        "4": {
            "VI": {
                "r_crystal": 0.72,
                "remark": "R*",
                "spin": "",
                "r_ionic": 0.58
            },
            "VIII": {
                "r_crystal": 0.86,
                "remark": "E",
                "spin": "",
                "r_ionic": 0.72
            },
            "V": {
                "r_crystal": 0.67,
                "remark": "",
                "spin": "",
                "r_ionic": 0.53
            }
        },
        "0": {
            "r_cordero": 1.53,
            "r_crystal": 1.34
        }
    }
,
    "Cr": {
        "3": {
            "VI": {
                "r_crystal": 0.755,
                "remark": "R*",
                "spin": "",
                "r_ionic": 0.615
            }
        },
        "2": {
            "VI": {
                "High Spin": {
                    "r_crystal": 0.94,
                    "remark": "R*",
                    "spin": "High Spin",
                    "r_ionic": 0.8
                },
                "Low Spin": {
                    "r_crystal": 0.87,
                    "remark": "E",
                    "spin": "Low Spin",
                    "r_ionic": 0.73
                }
            }
        },
        "5": {
            "VI": {
                "r_crystal": 0.63,
                "remark": "ER",
                "spin": "",
                "r_ionic": 0.49
            },
            "VIII": {
                "r_crystal": 0.71,
                "remark": "",
                "spin": "",
                "r_ionic": 0.57
            },
            "IV": {
                "r_crystal": 0.485,
                "remark": "R",
                "spin": "",
                "r_ionic": 0.345
            }
        },
        "4": {
            "VI": {
                "r_crystal": 0.69,
                "remark": "R",
                "spin": "",
                "r_ionic": 0.55
            },
            "IV": {
                "r_crystal": 0.55,
                "remark": "",
                "spin": "",
                "r_ionic": 0.41
            }
        },
        "6": {
            "VI": {
                "r_crystal": 0.58,
                "remark": "C",
                "spin": "",
                "r_ionic": 0.44
            },
            "IV": {
                "r_crystal": 0.4,
                "remark": "",
                "spin": "",
                "r_ionic": 0.26
            }
        },
        "0": {
            "r_cordero": 1.39,
            "r_crystal": 1.22
        }
    }
,
    "Mn": {
        "3": {
            "VI": {
                "High Spin": {
                    "r_crystal": 0.785,
                    "remark": "R*",
                    "spin": "High Spin",
                    "r_ionic": 0.645
                },
                "Low Spin": {
                    "r_crystal": 0.72,
                    "remark": "R",
                    "spin": "Low Spin",
                    "r_ionic": 0.58
                }
            },
            "V": {
                "r_crystal": 0.72,
                "remark": "",
                "spin": "",
                "r_ionic": 0.58
            }
        },
        "2": {
            "VI": {
                "High Spin": {
                    "r_crystal": 0.97,
                    "remark": "R*",
                    "spin": "High Spin",
                    "r_ionic": 0.83
                },
                "Low Spin": {
                    "r_crystal": 0.81,
                    "remark": "E",
                    "spin": "Low Spin",
                    "r_ionic": 0.67
                }
            },
            "VII": {
                "r_crystal": 1.04,
                "remark": "C",
                "spin": "High Spin",
                "r_ionic": 0.9
            },
            "IV": {
                "r_crystal": 0.8,
                "remark": "",
                "spin": "High Spin",
                "r_ionic": 0.66
            },
            "VIII": {
                "r_crystal": 1.1,
                "remark": "R",
                "spin": "",
                "r_ionic": 0.96
            },
            "V": {
                "r_crystal": 0.89,
                "remark": "C",
                "spin": "High Spin",
                "r_ionic": 0.75
            }
        },
        "5": {
            "IV": {
                "r_crystal": 0.47,
                "remark": "R",
                "spin": "",
                "r_ionic": 0.33
            }
        },
        "4": {
            "VI": {
                "r_crystal": 0.67,
                "remark": "R*",
                "spin": "",
                "r_ionic": 0.53
            },
            "IV": {
                "r_crystal": 0.53,
                "remark": "R",
                "spin": "",
                "r_ionic": 0.39
            }
        },
        "7": {
            "VI": {
                "r_crystal": 0.6,
                "remark": "A",
                "spin": "",
                "r_ionic": 0.46
            },
            "IV": {
                "r_crystal": 0.39,
                "remark": "",
                "spin": "",
                "r_ionic": 0.25
            }
        },
        "6": {
            "IV": {
                "r_crystal": 0.395,
                "remark": "",
                "spin": "",
                "r_ionic": 0.255
            }
        },
        "0": {
            "r_cordero": 1.5,
            "r_crystal": 1.19
        }
    }
,
    "Fe": {
        "3": {
            "VI": {
                "High Spin": {
                    "r_crystal": 0.785,
                    "remark": "R*",
                    "spin": "High Spin",
                    "r_ionic": 0.645
                },
                "Low Spin": {
                    "r_crystal": 0.69,
                    "remark": "R",
                    "spin": "Low Spin",
                    "r_ionic": 0.55
                }
            },
            "V": {
                "r_crystal": 0.72,
                "remark": "",
                "spin": "",
                "r_ionic": 0.58
            },
            "VIII": {
                "r_crystal": 0.92,
                "remark": "",
                "spin": "High Spin",
                "r_ionic": 0.78
            },
            "IV": {
                "r_crystal": 0.63,
                "remark": "*",
                "spin": "High Spin",
                "r_ionic": 0.49
            }
        },
        "2": {
            "VI": {
                "High Spin": {
                    "r_crystal": 0.92,
                    "remark": "R*",
                    "spin": "High Spin",
                    "r_ionic": 0.78
                },
                "Low Spin": {
                    "r_crystal": 0.75,
                    "remark": "E",
                    "spin": "Low Spin",
                    "r_ionic": 0.61
                }
            },
            "VIII": {
                "r_crystal": 1.06,
                "remark": "C",
                "spin": "High Spin",
                "r_ionic": 0.92
            },
            "IV": {
                "r_crystal": 0.77,
                "remark": "",
                "spin": "High Spin",
                "r_ionic": 0.63
            }
        },
        "4": {
            "VI": {
                "r_crystal": 0.725,
                "remark": "R",
                "spin": "",
                "r_ionic": 0.585
            }
        },
        "6": {
            "IV": {
                "r_crystal": 0.39,
                "remark": "R",
                "spin": "",
                "r_ionic": 0.25
            }
        },
        "0": {
            "r_cordero": 1.42,
            "r_crystal": 1.16
        }
    }
,
    "Co": {
        "3": {
            "VI": {
                "High Spin": {
                    "r_crystal": 0.75,
                    "remark": "",
                    "spin": "High Spin",
                    "r_ionic": 0.61
                },
                "Low Spin": {
                    "r_crystal": 0.685,
                    "remark": "R*",
                    "spin": "Low Spin",
                    "r_ionic": 0.545
                }
            }
        },
        "2": {
            "VI": {
                "High Spin": {
                    "r_crystal": 0.885,
                    "remark": "R*",
                    "spin": "High Spin",
                    "r_ionic": 0.745
                },
                "Low Spin": {
                    "r_crystal": 0.79,
                    "remark": "R",
                    "spin": "Low Spin",
                    "r_ionic": 0.65
                }
            },
            "V": {
                "r_crystal": 0.81,
                "remark": "C",
                "spin": "",
                "r_ionic": 0.67
            },
            "VIII": {
                "r_crystal": 1.04,
                "remark": "",
                "spin": "",
                "r_ionic": 0.9
            },
            "IV": {
                "r_crystal": 0.72,
                "remark": "",
                "spin": "High Spin",
                "r_ionic": 0.58
            }
        },
        "4": {
            "VI": {
                "r_crystal": 0.67,
                "remark": "R",
                "spin": "High Spin",
                "r_ionic": 0.53
            },
            "IV": {
                "r_crystal": 0.54,
                "remark": "",
                "spin": "",
                "r_ionic": 0.4
            }
        },
        "0": {
            "r_cordero": 1.38,
            "r_crystal": 1.11
        }
    }
,
    "Ni": {
        "3": {
            "VI": {
                "High Spin": {
                    "r_crystal": 0.74,
                    "remark": "E",
                    "spin": "High Spin",
                    "r_ionic": 0.6
                },
                "Low Spin": {
                    "r_crystal": 0.7,
                    "remark": "R*",
                    "spin": "Low Spin",
                    "r_ionic": 0.56
                }
            }
        },
        "2": {
            "IVSQ": {
                "r_crystal": 0.63,
                "remark": "",
                "spin": "",
                "r_ionic": 0.49
            },
            "VI": {
                "r_crystal": 0.83,
                "remark": "R*",
                "spin": "",
                "r_ionic": 0.69
            },
            "V": {
                "r_crystal": 0.77,
                "remark": "E",
                "spin": "",
                "r_ionic": 0.63
            },
            "IV": {
                "r_crystal": 0.69,
                "remark": "",
                "spin": "",
                "r_ionic": 0.55
            }
        },
        "4": {
            "VI": {
                "r_crystal": 0.62,
                "remark": "R",
                "spin": "Low Spin",
                "r_ionic": 0.48
            }
        },
        "0": {
            "r_cordero": 1.24,
            "r_crystal": 1.1
        }
    }
,
    "Cu": {
        "1": {
            "II": {
                "r_crystal": 0.6,
                "remark": "",
                "spin": "",
                "r_ionic": 0.46
            },
            "VI": {
                "r_crystal": 0.91,
                "remark": "E",
                "spin": "",
                "r_ionic": 0.77
            },
            "IV": {
                "r_crystal": 0.74,
                "remark": "E",
                "spin": "",
                "r_ionic": 0.6
            }
        },
        "3": {
            "VI": {
                "r_crystal": 0.68,
                "remark": "",
                "spin": "Low Spin",
                "r_ionic": 0.54
            }
        },
        "2": {
            "IVSQ": {
                "r_crystal": 0.71,
                "remark": "*",
                "spin": "",
                "r_ionic": 0.57
            },
            "VI": {
                "r_crystal": 0.87,
                "remark": "",
                "spin": "",
                "r_ionic": 0.73
            },
            "V": {
                "r_crystal": 0.79,
                "remark": "*",
                "spin": "",
                "r_ionic": 0.65
            },
            "IV": {
                "r_crystal": 0.71,
                "remark": "",
                "spin": "",
                "r_ionic": 0.57
            }
        },
        "0": {
            "r_cordero": 1.32,
            "r_crystal": 1.12
        }
    }
,
    "Zn": {
        "2": {
            "VI": {
                "r_crystal": 0.88,
                "remark": "R*",
                "spin": "",
                "r_ionic": 0.74
            },
            "V": {
                "r_crystal": 0.82,
                "remark": "*",
                "spin": "",
                "r_ionic": 0.68
            },
            "VIII": {
                "r_crystal": 1.04,
                "remark": "C",
                "spin": "",
                "r_ionic": 0.9
            },
            "IV": {
                "r_crystal": 0.74,
                "remark": "*",
                "spin": "",
                "r_ionic": 0.6
            }
        },
        "0": {
            "r_cordero": 1.22,
            "r_crystal": 1.18
        }
    }
,
    "Ga": {
        "3": {
            "VI": {
                "r_crystal": 0.76,
                "remark": "R*",
                "spin": "",
                "r_ionic": 0.62
            },
            "V": {
                "r_crystal": 0.69,
                "remark": "",
                "spin": "",
                "r_ionic": 0.55
            },
            "IV": {
                "r_crystal": 0.61,
                "remark": "*",
                "spin": "",
                "r_ionic": 0.47
            }
        },
        "0": {
            "r_cordero": 1.22,
            "r_crystal": 1.24
        }
    }
,
    "Ge": {
        "2": {
            "VI": {
                "r_crystal": 0.87,
                "remark": "A",
                "spin": "",
                "r_ionic": 0.73
            }
        },
        "4": {
            "VI": {
                "r_crystal": 0.67,
                "remark": "R*",
                "spin": "",
                "r_ionic": 0.53
            },
            "IV": {
                "r_crystal": 0.53,
                "remark": "*",
                "spin": "",
                "r_ionic": 0.39
            }
        },
        "0": {
            "r_cordero": 1.2,
            "r_crystal": 1.21
        }
    }
,
    "As": {
        "3": {
            "VI": {
                "r_crystal": 0.72,
                "remark": "A",
                "spin": "",
                "r_ionic": 0.58
            }
        },
        "5": {
            "VI": {
                "r_crystal": 0.6,
                "remark": "C*",
                "spin": "",
                "r_ionic": 0.46
            },
            "IV": {
                "r_crystal": 0.475,
                "remark": "R*",
                "spin": "",
                "r_ionic": 0.335
            }
        },
        "0": {
            "r_cordero": 1.19,
            "r_crystal": 1.21
        }
    }
,
    "Se": {
        "6": {
            "VI": {
                "r_crystal": 0.56,
                "remark": "C",
                "spin": "",
                "r_ionic": 0.42
            },
            "IV": {
                "r_crystal": 0.42,
                "remark": "*",
                "spin": "",
                "r_ionic": 0.28
            }
        },
        "4": {
            "VI": {
                "r_crystal": 0.64,
                "remark": "A",
                "spin": "",
                "r_ionic": 0.5
            }
        },
        "-2": {
            "VI": {
                "r_crystal": 1.84,
                "remark": "P",
                "spin": "",
                "r_ionic": 1.98
            }
        },
        "0": {
            "r_cordero": 1.2,
            "r_crystal": 1.16
        }
    }
,
    "Br": {
        "5": {
            "IIIPY": {
                "r_crystal": 0.45,
                "remark": "",
                "spin": "",
                "r_ionic": 0.31
            }
        },
        "3": {
            "IVSQ": {
                "r_crystal": 0.73,
                "remark": "",
                "spin": "",
                "r_ionic": 0.59
            }
        },
        "-1": {
            "VI": {
                "r_crystal": 1.82,
                "remark": "P",
                "spin": "",
                "r_ionic": 1.96
            }
        },
        "7": {
            "VI": {
                "r_crystal": 0.53,
                "remark": "A",
                "spin": "",
                "r_ionic": 0.39
            },
            "IV": {
                "r_crystal": 0.39,
                "remark": "",
                "spin": "",
                "r_ionic": 0.25
            }
        },
        "0": {
            "r_cordero": 1.2,
            "r_crystal": 1.14
        }
    }
,
    "Rb": {
        "1": {
            "IX": {
                "r_crystal": 1.77,
                "remark": "E",
                "spin": "",
                "r_ionic": 1.63
            },
            "XI": {
                "r_crystal": 1.83,
                "remark": "",
                "spin": "",
                "r_ionic": 1.69
            },
            "VI": {
                "r_crystal": 1.66,
                "remark": "",
                "spin": "",
                "r_ionic": 1.52
            },
            "VII": {
                "r_crystal": 1.7,
                "remark": "",
                "spin": "",
                "r_ionic": 1.56
            },
            "VIII": {
                "r_crystal": 1.75,
                "remark": "",
                "spin": "",
                "r_ionic": 1.61
            },
            "XIV": {
                "r_crystal": 1.97,
                "remark": "",
                "spin": "",
                "r_ionic": 1.83
            },
            "XII": {
                "r_crystal": 1.86,
                "remark": "",
                "spin": "",
                "r_ionic": 1.72
            },
            "X": {
                "r_crystal": 1.8,
                "remark": "",
                "spin": "",
                "r_ionic": 1.66
            }
        },
        "0": {
            "r_cordero": 2.2,
            "r_crystal": 2.1
        }
    }
,
    "Sr": {
        "2": {
            "IX": {
                "r_crystal": 1.45,
                "remark": "",
                "spin": "",
                "r_ionic": 1.31
            },
            "VI": {
                "r_crystal": 1.32,
                "remark": "",
                "spin": "",
                "r_ionic": 1.18
            },
            "VII": {
                "r_crystal": 1.35,
                "remark": "",
                "spin": "",
                "r_ionic": 1.21
            },
            "VIII": {
                "r_crystal": 1.4,
                "remark": "",
                "spin": "",
                "r_ionic": 1.26
            },
            "XII": {
                "r_crystal": 1.58,
                "remark": "C",
                "spin": "",
                "r_ionic": 1.44
            },
            "X": {
                "r_crystal": 1.5,
                "remark": "C",
                "spin": "",
                "r_ionic": 1.36
            }
        },
        "0": {
            "r_cordero": 1.95,
            "r_crystal": 1.85
        }
    }
,
    "Y": {
        "3": {
            "VI": {
                "r_crystal": 1.04,
                "remark": "R*",
                "spin": "",
                "r_ionic": 0.9
            },
            "VII": {
                "r_crystal": 1.1,
                "remark": "",
                "spin": "",
                "r_ionic": 0.96
            },
            "VIII": {
                "r_crystal": 1.159,
                "remark": "R*",
                "spin": "",
                "r_ionic": 1.019
            },
            "IX": {
                "r_crystal": 1.215,
                "remark": "R",
                "spin": "",
                "r_ionic": 1.075
            }
        },
        "0": {
            "r_cordero": 1.9,
            "r_crystal": 1.63
        }
    }
,
    "Zr": {
        "4": {
            "IX": {
                "r_crystal": 1.03,
                "remark": "",
                "spin": "",
                "r_ionic": 0.89
            },
            "VI": {
                "r_crystal": 0.86,
                "remark": "R*",
                "spin": "",
                "r_ionic": 0.72
            },
            "VII": {
                "r_crystal": 0.92,
                "remark": "*",
                "spin": "",
                "r_ionic": 0.78
            },
            "IV": {
                "r_crystal": 0.73,
                "remark": "R",
                "spin": "",
                "r_ionic": 0.59
            },
            "VIII": {
                "r_crystal": 0.98,
                "remark": "*",
                "spin": "",
                "r_ionic": 0.84
            },
            "V": {
                "r_crystal": 0.8,
                "remark": "C",
                "spin": "",
                "r_ionic": 0.66
            }
        },
        "0": {
            "r_cordero": 1.75,
            "r_crystal": 1.54
        }
    }
,
    "Nb": {
        "3": {
            "VI": {
                "r_crystal": 0.86,
                "remark": "",
                "spin": "",
                "r_ionic": 0.72
            }
        },
        "5": {
            "VI": {
                "r_crystal": 0.78,
                "remark": "",
                "spin": "",
                "r_ionic": 0.64
            },
            "VII": {
                "r_crystal": 0.83,
                "remark": "C",
                "spin": "",
                "r_ionic": 0.69
            },
            "VIII": {
                "r_crystal": 0.88,
                "remark": "",
                "spin": "",
                "r_ionic": 0.74
            },
            "IV": {
                "r_crystal": 0.62,
                "remark": "C",
                "spin": "",
                "r_ionic": 0.48
            }
        },
        "4": {
            "VI": {
                "r_crystal": 0.82,
                "remark": "RE",
                "spin": "",
                "r_ionic": 0.68
            },
            "VIII": {
                "r_crystal": 0.93,
                "remark": "",
                "spin": "",
                "r_ionic": 0.79
            }
        },
        "0": {
            "r_cordero": 1.64,
            "r_crystal": 1.47
        }
    }
,
    "Mo": {
        "3": {
            "VI": {
                "r_crystal": 0.83,
                "remark": "E",
                "spin": "",
                "r_ionic": 0.69
            }
        },
        "5": {
            "VI": {
                "r_crystal": 0.75,
                "remark": "R",
                "spin": "",
                "r_ionic": 0.61
            },
            "IV": {
                "r_crystal": 0.6,
                "remark": "R",
                "spin": "",
                "r_ionic": 0.46
            }
        },
        "4": {
            "VI": {
                "r_crystal": 0.79,
                "remark": "RM",
                "spin": "",
                "r_ionic": 0.65
            }
        },
        "6": {
            "VI": {
                "r_crystal": 0.73,
                "remark": "R*",
                "spin": "",
                "r_ionic": 0.59
            },
            "V": {
                "r_crystal": 0.64,
                "remark": "",
                "spin": "",
                "r_ionic": 0.5
            },
            "VII": {
                "r_crystal": 0.87,
                "remark": "",
                "spin": "",
                "r_ionic": 0.73
            },
            "IV": {
                "r_crystal": 0.55,
                "remark": "R*",
                "spin": "",
                "r_ionic": 0.41
            }
        },
        "0": {
            "r_cordero": 1.54,
            "r_crystal": 1.38
        }
    }
,
    "Tc": {
        "5": {
            "VI": {
                "r_crystal": 0.74,
                "remark": "ER",
                "spin": "",
                "r_ionic": 0.6
            }
        },
        "4": {
            "VI": {
                "r_crystal": 0.785,
                "remark": "RM",
                "spin": "",
                "r_ionic": 0.645
            }
        },
        "7": {
            "VI": {
                "r_crystal": 0.7,
                "remark": "A",
                "spin": "",
                "r_ionic": 0.56
            },
            "IV": {
                "r_crystal": 0.51,
                "remark": "",
                "spin": "",
                "r_ionic": 0.37
            }
        },
        "0": {
            "r_cordero": 1.47,
            "r_crystal": 1.28
        }
    }
,
    "Ru": {
        "8": {
            "IV": {
                "r_crystal": 0.5,
                "remark": "",
                "spin": "",
                "r_ionic": 0.36
            }
        },
        "3": {
            "VI": {
                "r_crystal": 0.82,
                "remark": "",
                "spin": "",
                "r_ionic": 0.68
            }
        },
        "5": {
            "VI": {
                "r_crystal": 0.705,
                "remark": "ER",
                "spin": "",
                "r_ionic": 0.565
            }
        },
        "4": {
            "VI": {
                "r_crystal": 0.76,
                "remark": "RM",
                "spin": "",
                "r_ionic": 0.62
            }
        },
        "7": {
            "IV": {
                "r_crystal": 0.52,
                "remark": "",
                "spin": "",
                "r_ionic": 0.38
            }
        },
        "0": {
            "r_cordero": 1.46,
            "r_crystal": 1.25
        }
    }
,
    "Rh": {
        "3": {
            "VI": {
                "r_crystal": 0.805,
                "remark": "R",
                "spin": "",
                "r_ionic": 0.665
            }
        },
        "5": {
            "VI": {
                "r_crystal": 0.69,
                "remark": "",
                "spin": "",
                "r_ionic": 0.55
            }
        },
        "4": {
            "VI": {
                "r_crystal": 0.74,
                "remark": "RM",
                "spin": "",
                "r_ionic": 0.6
            }
        },
        "0": {
            "r_cordero": 1.42,
            "r_crystal": 1.25
        }
    }
,
    "Pd": {
        "1": {
            "II": {
                "r_crystal": 0.73,
                "remark": "",
                "spin": "",
                "r_ionic": 0.59
            }
        },
        "3": {
            "VI": {
                "r_crystal": 0.9,
                "remark": "",
                "spin": "",
                "r_ionic": 0.76
            }
        },
        "2": {
            "IVSQ": {
                "r_crystal": 0.78,
                "remark": "",
                "spin": "",
                "r_ionic": 0.64
            },
            "VI": {
                "r_crystal": 1,
                "remark": "",
                "spin": "",
                "r_ionic": 0.86
            }
        },
        "4": {
            "VI": {
                "r_crystal": 0.755,
                "remark": "R",
                "spin": "",
                "r_ionic": 0.615
            }
        },
        "0": {
            "r_cordero": 1.39,
            "r_crystal": 1.2
        }
    }
,
    "Ag": {
        "1": {
            "VII": {
                "r_crystal": 1.36,
                "remark": "",
                "spin": "",
                "r_ionic": 1.22
            },
            "IVSQ": {
                "r_crystal": 1.16,
                "remark": "",
                "spin": "",
                "r_ionic": 1.02
            },
            "V": {
                "r_crystal": 1.23,
                "remark": "C",
                "spin": "",
                "r_ionic": 1.09
            },
            "IV": {
                "r_crystal": 1.14,
                "remark": "C",
                "spin": "",
                "r_ionic": 1
            },
            "II": {
                "r_crystal": 0.81,
                "remark": "",
                "spin": "",
                "r_ionic": 0.67
            },
            "VIII": {
                "r_crystal": 1.42,
                "remark": "",
                "spin": "",
                "r_ionic": 1.28
            },
            "VI": {
                "r_crystal": 1.29,
                "remark": "C",
                "spin": "",
                "r_ionic": 1.15
            }
        },
        "3": {
            "IVSQ": {
                "r_crystal": 0.81,
                "remark": "",
                "spin": "",
                "r_ionic": 0.67
            },
            "VI": {
                "r_crystal": 0.89,
                "remark": "R",
                "spin": "",
                "r_ionic": 0.75
            }
        },
        "2": {
            "IVSQ": {
                "r_crystal": 0.93,
                "remark": "",
                "spin": "",
                "r_ionic": 0.79
            },
            "VI": {
                "r_crystal": 1.08,
                "remark": "",
                "spin": "",
                "r_ionic": 0.94
            }
        },
        "0": {
            "r_cordero": 1.45,
            "r_crystal": 1.28
        }
    }
,
    "Cd": {
        "2": {
            "VII": {
                "r_crystal": 1.17,
                "remark": "C",
                "spin": "",
                "r_ionic": 1.03
            },
            "VI": {
                "r_crystal": 1.09,
                "remark": "",
                "spin": "",
                "r_ionic": 0.95
            },
            "V": {
                "r_crystal": 1.01,
                "remark": "",
                "spin": "",
                "r_ionic": 0.87
            },
            "IV": {
                "r_crystal": 0.92,
                "remark": "",
                "spin": "",
                "r_ionic": 0.78
            },
            "VIII": {
                "r_crystal": 1.24,
                "remark": "C",
                "spin": "",
                "r_ionic": 1.1
            },
            "XII": {
                "r_crystal": 1.45,
                "remark": "",
                "spin": "",
                "r_ionic": 1.31
            }
        },
        "0": {
            "r_cordero": 1.44,
            "r_crystal": 1.36
        }
    }
,
    "In": {
        "3": {
            "VI": {
                "r_crystal": 0.94,
                "remark": "R*",
                "spin": "",
                "r_ionic": 0.8
            },
            "VIII": {
                "r_crystal": 1.06,
                "remark": "RC",
                "spin": "",
                "r_ionic": 0.92
            },
            "IV": {
                "r_crystal": 0.76,
                "remark": "",
                "spin": "",
                "r_ionic": 0.62
            }
        },
        "0": {
            "r_cordero": 1.42,
            "r_crystal": 1.42
        }
    }
,
    "Sn": {
        "4": {
            "VI": {
                "r_crystal": 0.83,
                "remark": "R*",
                "spin": "",
                "r_ionic": 0.69
            },
            "V": {
                "r_crystal": 0.76,
                "remark": "C",
                "spin": "",
                "r_ionic": 0.62
            },
            "VIII": {
                "r_crystal": 0.95,
                "remark": "C",
                "spin": "",
                "r_ionic": 0.81
            },
            "VII": {
                "r_crystal": 0.89,
                "remark": "",
                "spin": "",
                "r_ionic": 0.75
            },
            "IV": {
                "r_crystal": 0.69,
                "remark": "R",
                "spin": "",
                "r_ionic": 0.55
            }
        },
        "0": {
            "r_cordero": 1.39,
            "r_crystal": 1.4
        }
    }
,
    "Sb": {
        "3": {
            "IVPY": {
                "r_crystal": 0.9,
                "remark": "",
                "spin": "",
                "r_ionic": 0.76
            },
            "VI": {
                "r_crystal": 0.9,
                "remark": "A",
                "spin": "",
                "r_ionic": 0.76
            },
            "V": {
                "r_crystal": 0.94,
                "remark": "",
                "spin": "",
                "r_ionic": 0.8
            }
        },
        "5": {
            "VI": {
                "r_crystal": 0.74,
                "remark": "*",
                "spin": "",
                "r_ionic": 0.6
            }
        },
        "0": {
            "r_cordero": 1.39,
            "r_crystal": 1.4
        }
    }
,
    "Te": {
        "6": {
            "VI": {
                "r_crystal": 0.7,
                "remark": "*",
                "spin": "",
                "r_ionic": 0.56
            },
            "IV": {
                "r_crystal": 0.57,
                "remark": "C",
                "spin": "",
                "r_ionic": 0.43
            }
        },
        "4": {
            "VI": {
                "r_crystal": 1.11,
                "remark": "",
                "spin": "",
                "r_ionic": 0.97
            },
            "III": {
                "r_crystal": 0.66,
                "remark": "",
                "spin": "",
                "r_ionic": 0.52
            },
            "IV": {
                "r_crystal": 0.8,
                "remark": "",
                "spin": "",
                "r_ionic": 0.66
            }
        },
        "-2": {
            "VI": {
                "r_crystal": 2.07,
                "remark": "P",
                "spin": "",
                "r_ionic": 2.21
            }
        },
        "0": {
            "r_cordero": 1.38,
            "r_crystal": 1.36
        }
    }
,
    "I": {
        "5": {
            "VI": {
                "r_crystal": 1.09,
                "remark": "",
                "spin": "",
                "r_ionic": 0.95
            },
            "IIIPY": {
                "r_crystal": 0.58,
                "remark": "*",
                "spin": "",
                "r_ionic": 0.44
            }
        },
        "-1": {
            "VI": {
                "r_crystal": 2.06,
                "remark": "A",
                "spin": "",
                "r_ionic": 2.2
            }
        },
        "7": {
            "VI": {
                "r_crystal": 0.67,
                "remark": "",
                "spin": "",
                "r_ionic": 0.53
            },
            "IV": {
                "r_crystal": 0.56,
                "remark": "",
                "spin": "",
                "r_ionic": 0.42
            }
        },
        "0": {
            "r_cordero": 1.39,
            "r_crystal": 1.33
        }
    }
,
    "Xe": {
        "8": {
            "VI": {
                "r_crystal": 0.62,
                "remark": "",
                "spin": "",
                "r_ionic": 0.48
            },
            "IV": {
                "r_crystal": 0.54,
                "remark": "",
                "spin": "",
                "r_ionic": 0.4
            }
        },
        "0": {
            "r_cordero": 1.4,
            "r_crystal": 1.31
        }
    }
,
    "Cs": {
        "1": {
            "IX": {
                "r_crystal": 1.92,
                "remark": "",
                "spin": "",
                "r_ionic": 1.78
            },
            "XI": {
                "r_crystal": 1.99,
                "remark": "",
                "spin": "",
                "r_ionic": 1.85
            },
            "VI": {
                "r_crystal": 1.81,
                "remark": "",
                "spin": "",
                "r_ionic": 1.67
            },
            "VIII": {
                "r_crystal": 1.88,
                "remark": "",
                "spin": "",
                "r_ionic": 1.74
            },
            "XII": {
                "r_crystal": 2.02,
                "remark": "",
                "spin": "",
                "r_ionic": 1.88
            },
            "X": {
                "r_crystal": 1.95,
                "remark": "",
                "spin": "",
                "r_ionic": 1.81
            }
        },
        "0": {
            "r_cordero": 2.44,
            "r_crystal": 2.32
        }
    }
,
    "Ba": {
        "2": {
            "IX": {
                "r_crystal": 1.61,
                "remark": "",
                "spin": "",
                "r_ionic": 1.47
            },
            "XI": {
                "r_crystal": 1.71,
                "remark": "",
                "spin": "",
                "r_ionic": 1.57
            },
            "VI": {
                "r_crystal": 1.49,
                "remark": "",
                "spin": "",
                "r_ionic": 1.35
            },
            "VII": {
                "r_crystal": 1.52,
                "remark": "C",
                "spin": "",
                "r_ionic": 1.38
            },
            "VIII": {
                "r_crystal": 1.56,
                "remark": "",
                "spin": "",
                "r_ionic": 1.42
            },
            "XII": {
                "r_crystal": 1.75,
                "remark": "C",
                "spin": "",
                "r_ionic": 1.61
            },
            "X": {
                "r_crystal": 1.66,
                "remark": "",
                "spin": "",
                "r_ionic": 1.52
            }
        },
        "0": {
            "r_cordero": 2.15,
            "r_crystal": 1.96
        }
    }
,
    "La": {
        "3": {
            "IX": {
                "r_crystal": 1.356,
                "remark": "R",
                "spin": "",
                "r_ionic": 1.216
            },
            "VI": {
                "r_crystal": 1.172,
                "remark": "R",
                "spin": "",
                "r_ionic": 1.032
            },
            "VII": {
                "r_crystal": 1.24,
                "remark": "",
                "spin": "",
                "r_ionic": 1.1
            },
            "VIII": {
                "r_crystal": 1.3,
                "remark": "R",
                "spin": "",
                "r_ionic": 1.16
            },
            "XII": {
                "r_crystal": 1.5,
                "remark": "C",
                "spin": "",
                "r_ionic": 1.36
            },
            "X": {
                "r_crystal": 1.41,
                "remark": "",
                "spin": "",
                "r_ionic": 1.27
            }
        },
        "0": {
            "r_cordero": 2.07,
            "r_crystal": 1.8
        }
    }
,
    "Ce": {
        "3": {
            "IX": {
                "r_crystal": 1.336,
                "remark": "R",
                "spin": "",
                "r_ionic": 1.196
            },
            "VI": {
                "r_crystal": 1.15,
                "remark": "R",
                "spin": "",
                "r_ionic": 1.01
            },
            "VII": {
                "r_crystal": 1.21,
                "remark": "E",
                "spin": "",
                "r_ionic": 1.07
            },
            "VIII": {
                "r_crystal": 1.283,
                "remark": "R",
                "spin": "",
                "r_ionic": 1.143
            },
            "XII": {
                "r_crystal": 1.48,
                "remark": "C",
                "spin": "",
                "r_ionic": 1.34
            },
            "X": {
                "r_crystal": 1.39,
                "remark": "",
                "spin": "",
                "r_ionic": 1.25
            }
        },
        "4": {
            "VI": {
                "r_crystal": 1.01,
                "remark": "R",
                "spin": "",
                "r_ionic": 0.87
            },
            "VIII": {
                "r_crystal": 1.11,
                "remark": "R",
                "spin": "",
                "r_ionic": 0.97
            },
            "XII": {
                "r_crystal": 1.28,
                "remark": "",
                "spin": "",
                "r_ionic": 1.14
            },
            "X": {
                "r_crystal": 1.21,
                "remark": "",
                "spin": "",
                "r_ionic": 1.07
            }
        },
        "0": {
            "r_cordero": 2.04,
            "r_crystal": 1.63
        }
    }
,
    "Pr": {
        "3": {
            "VI": {
                "r_crystal": 1.13,
                "remark": "R",
                "spin": "",
                "r_ionic": 0.99
            },
            "VIII": {
                "r_crystal": 1.266,
                "remark": "R",
                "spin": "",
                "r_ionic": 1.126
            },
            "IX": {
                "r_crystal": 1.319,
                "remark": "R",
                "spin": "",
                "r_ionic": 1.179
            }
        },
        "4": {
            "VI": {
                "r_crystal": 0.99,
                "remark": "R",
                "spin": "",
                "r_ionic": 0.85
            },
            "VIII": {
                "r_crystal": 1.1,
                "remark": "R",
                "spin": "",
                "r_ionic": 0.96
            }
        },
        "0": {
            "r_cordero": 2.03,
            "r_crystal": 1.76
        }
    }
,
    "Nd": {
        "3": {
            "VI": {
                "r_crystal": 1.123,
                "remark": "R",
                "spin": "",
                "r_ionic": 0.983
            },
            "VIII": {
                "r_crystal": 1.249,
                "remark": "R*",
                "spin": "",
                "r_ionic": 1.109
            },
            "XII": {
                "r_crystal": 1.41,
                "remark": "E",
                "spin": "",
                "r_ionic": 1.27
            },
            "IX": {
                "r_crystal": 1.303,
                "remark": "R",
                "spin": "",
                "r_ionic": 1.163
            }
        },
        "2": {
            "IX": {
                "r_crystal": 1.49,
                "remark": "",
                "spin": "",
                "r_ionic": 1.35
            },
            "VIII": {
                "r_crystal": 1.43,
                "remark": "",
                "spin": "",
                "r_ionic": 1.29
            }
        },
        "0": {
            "r_cordero": 2.01,
            "r_crystal": 1.74
        }
    }
,
    "Pm": {
        "3": {
            "VI": {
                "r_crystal": 1.11,
                "remark": "R",
                "spin": "",
                "r_ionic": 0.97
            },
            "VIII": {
                "r_crystal": 1.233,
                "remark": "R",
                "spin": "",
                "r_ionic": 1.093
            },
            "IX": {
                "r_crystal": 1.284,
                "remark": "R",
                "spin": "",
                "r_ionic": 1.144
            }
        },
        "0": {
            "r_cordero": 1.99,
            "r_crystal": 1.73
        }
    }
,
    "Sm": {
        "3": {
            "VI": {
                "r_crystal": 1.098,
                "remark": "R",
                "spin": "",
                "r_ionic": 0.958
            },
            "VII": {
                "r_crystal": 1.16,
                "remark": "E",
                "spin": "",
                "r_ionic": 1.02
            },
            "VIII": {
                "r_crystal": 1.219,
                "remark": "R",
                "spin": "",
                "r_ionic": 1.079
            },
            "XII": {
                "r_crystal": 1.38,
                "remark": "C",
                "spin": "",
                "r_ionic": 1.24
            },
            "IX": {
                "r_crystal": 1.272,
                "remark": "R",
                "spin": "",
                "r_ionic": 1.132
            }
        },
        "2": {
            "IX": {
                "r_crystal": 1.46,
                "remark": "",
                "spin": "",
                "r_ionic": 1.32
            },
            "VII": {
                "r_crystal": 1.36,
                "remark": "",
                "spin": "",
                "r_ionic": 1.22
            },
            "VIII": {
                "r_crystal": 1.41,
                "remark": "",
                "spin": "",
                "r_ionic": 1.27
            }
        },
        "0": {
            "r_cordero": 1.98,
            "r_crystal": 1.72
        }
    }
,
    "Eu": {
        "3": {
            "VI": {
                "r_crystal": 1.087,
                "remark": "R",
                "spin": "",
                "r_ionic": 0.947
            },
            "VII": {
                "r_crystal": 1.15,
                "remark": "",
                "spin": "",
                "r_ionic": 1.01
            },
            "VIII": {
                "r_crystal": 1.206,
                "remark": "R",
                "spin": "",
                "r_ionic": 1.066
            },
            "IX": {
                "r_crystal": 1.26,
                "remark": "R",
                "spin": "",
                "r_ionic": 1.12
            }
        },
        "2": {
            "VI": {
                "r_crystal": 1.31,
                "remark": "",
                "spin": "",
                "r_ionic": 1.17
            },
            "VII": {
                "r_crystal": 1.34,
                "remark": "",
                "spin": "",
                "r_ionic": 1.2
            },
            "VIII": {
                "r_crystal": 1.39,
                "remark": "",
                "spin": "",
                "r_ionic": 1.25
            },
            "X": {
                "r_crystal": 1.49,
                "remark": "",
                "spin": "",
                "r_ionic": 1.35
            },
            "IX": {
                "r_crystal": 1.44,
                "remark": "",
                "spin": "",
                "r_ionic": 1.3
            }
        },
        "0": {
            "r_cordero": 1.98,
            "r_crystal": 1.68
        }
    }
,
    "Gd": {
        "3": {
            "VI": {
                "r_crystal": 1.078,
                "remark": "R",
                "spin": "",
                "r_ionic": 0.938
            },
            "VII": {
                "r_crystal": 1.14,
                "remark": "",
                "spin": "",
                "r_ionic": 1
            },
            "VIII": {
                "r_crystal": 1.193,
                "remark": "R",
                "spin": "",
                "r_ionic": 1.053
            },
            "IX": {
                "r_crystal": 1.247,
                "remark": "RC",
                "spin": "",
                "r_ionic": 1.107
            }
        },
        "0": {
            "r_cordero": 1.96,
            "r_crystal": 1.69
        }
    }
,
    "Tb": {
        "3": {
            "VI": {
                "r_crystal": 1.063,
                "remark": "R",
                "spin": "",
                "r_ionic": 0.923
            },
            "VII": {
                "r_crystal": 1.12,
                "remark": "E",
                "spin": "",
                "r_ionic": 0.98
            },
            "VIII": {
                "r_crystal": 1.18,
                "remark": "R",
                "spin": "",
                "r_ionic": 1.04
            },
            "IX": {
                "r_crystal": 1.235,
                "remark": "R",
                "spin": "",
                "r_ionic": 1.095
            }
        },
        "4": {
            "VI": {
                "r_crystal": 0.9,
                "remark": "R",
                "spin": "",
                "r_ionic": 0.76
            },
            "VIII": {
                "r_crystal": 1.02,
                "remark": "",
                "spin": "",
                "r_ionic": 0.88
            }
        },
        "0": {
            "r_cordero": 1.94,
            "r_crystal": 1.68
        }
    }
,
    "Dy": {
        "3": {
            "VI": {
                "r_crystal": 1.052,
                "remark": "R",
                "spin": "",
                "r_ionic": 0.912
            },
            "VII": {
                "r_crystal": 1.11,
                "remark": "",
                "spin": "",
                "r_ionic": 0.97
            },
            "VIII": {
                "r_crystal": 1.167,
                "remark": "R",
                "spin": "",
                "r_ionic": 1.027
            },
            "IX": {
                "r_crystal": 1.223,
                "remark": "R",
                "spin": "",
                "r_ionic": 1.083
            }
        },
        "2": {
            "VI": {
                "r_crystal": 1.21,
                "remark": "",
                "spin": "",
                "r_ionic": 1.07
            },
            "VII": {
                "r_crystal": 1.27,
                "remark": "",
                "spin": "",
                "r_ionic": 1.13
            },
            "VIII": {
                "r_crystal": 1.33,
                "remark": "",
                "spin": "",
                "r_ionic": 1.19
            }
        },
        "0": {
            "r_cordero": 1.92,
            "r_crystal": 1.67
        }
    }
,
    "Ho": {
        "3": {
            "VI": {
                "r_crystal": 1.041,
                "remark": "R",
                "spin": "",
                "r_ionic": 0.901
            },
            "VIII": {
                "r_crystal": 1.155,
                "remark": "R",
                "spin": "",
                "r_ionic": 1.015
            },
            "X": {
                "r_crystal": 1.26,
                "remark": "",
                "spin": "",
                "r_ionic": 1.12
            },
            "IX": {
                "r_crystal": 1.212,
                "remark": "R",
                "spin": "",
                "r_ionic": 1.072
            }
        },
        "0": {
            "r_cordero": 1.92,
            "r_crystal": 1.66
        }
    }
,
    "Er": {
        "3": {
            "VI": {
                "r_crystal": 1.03,
                "remark": "R",
                "spin": "",
                "r_ionic": 0.89
            },
            "VII": {
                "r_crystal": 1.085,
                "remark": "",
                "spin": "",
                "r_ionic": 0.945
            },
            "VIII": {
                "r_crystal": 1.144,
                "remark": "R",
                "spin": "",
                "r_ionic": 1.004
            },
            "IX": {
                "r_crystal": 1.202,
                "remark": "R",
                "spin": "",
                "r_ionic": 1.062
            }
        },
        "0": {
            "r_cordero": 1.89,
            "r_crystal": 1.65
        }
    }
,
    "Tm": {
        "3": {
            "VI": {
                "r_crystal": 1.02,
                "remark": "R",
                "spin": "",
                "r_ionic": 0.88
            },
            "VIII": {
                "r_crystal": 1.134,
                "remark": "R",
                "spin": "",
                "r_ionic": 0.994
            },
            "IX": {
                "r_crystal": 1.192,
                "remark": "R",
                "spin": "",
                "r_ionic": 1.052
            }
        },
        "2": {
            "VI": {
                "r_crystal": 1.17,
                "remark": "",
                "spin": "",
                "r_ionic": 1.03
            },
            "VII": {
                "r_crystal": 1.23,
                "remark": "",
                "spin": "",
                "r_ionic": 1.09
            }
        },
        "0": {
            "r_cordero": 1.9,
            "r_crystal": 1.64
        }
    }
,
    "Yb": {
        "3": {
            "VI": {
                "r_crystal": 1.008,
                "remark": "R*",
                "spin": "",
                "r_ionic": 0.868
            },
            "VII": {
                "r_crystal": 1.065,
                "remark": "E",
                "spin": "",
                "r_ionic": 0.925
            },
            "VIII": {
                "r_crystal": 1.125,
                "remark": "R",
                "spin": "",
                "r_ionic": 0.985
            },
            "IX": {
                "r_crystal": 1.182,
                "remark": "R",
                "spin": "",
                "r_ionic": 1.042
            }
        },
        "2": {
            "VI": {
                "r_crystal": 1.16,
                "remark": "",
                "spin": "",
                "r_ionic": 1.02
            },
            "VII": {
                "r_crystal": 1.22,
                "remark": "E",
                "spin": "",
                "r_ionic": 1.08
            },
            "VIII": {
                "r_crystal": 1.28,
                "remark": "",
                "spin": "",
                "r_ionic": 1.14
            }
        },
        "0": {
            "r_cordero": 1.87,
            "r_crystal": 1.7
        }
    }
,
    "Lu": {
        "3": {
            "VI": {
                "r_crystal": 1.001,
                "remark": "R",
                "spin": "",
                "r_ionic": 0.861
            },
            "VIII": {
                "r_crystal": 1.117,
                "remark": "R",
                "spin": "",
                "r_ionic": 0.977
            },
            "IX": {
                "r_crystal": 1.172,
                "remark": "R",
                "spin": "",
                "r_ionic": 1.032
            }
        },
        "0": {
            "r_cordero": 1.87,
            "r_crystal": 1.62
        }
    }
,
    "Hf": {
        "4": {
            "VI": {
                "r_crystal": 0.85,
                "remark": "R",
                "spin": "",
                "r_ionic": 0.71
            },
            "VII": {
                "r_crystal": 0.9,
                "remark": "",
                "spin": "",
                "r_ionic": 0.76
            },
            "VIII": {
                "r_crystal": 0.97,
                "remark": "",
                "spin": "",
                "r_ionic": 0.83
            },
            "IV": {
                "r_crystal": 0.72,
                "remark": "R",
                "spin": "",
                "r_ionic": 0.58
            }
        },
        "0": {
            "r_cordero": 1.75,
            "r_crystal": 1.52
        }
    }
,
    "Ta": {
        "3": {
            "VI": {
                "r_crystal": 0.86,
                "remark": "E",
                "spin": "",
                "r_ionic": 0.72
            }
        },
        "5": {
            "VI": {
                "r_crystal": 0.78,
                "remark": "",
                "spin": "",
                "r_ionic": 0.64
            },
            "VII": {
                "r_crystal": 0.83,
                "remark": "",
                "spin": "",
                "r_ionic": 0.69
            },
            "VIII": {
                "r_crystal": 0.88,
                "remark": "",
                "spin": "",
                "r_ionic": 0.74
            }
        },
        "4": {
            "VI": {
                "r_crystal": 0.82,
                "remark": "E",
                "spin": "",
                "r_ionic": 0.68
            }
        },
        "0": {
            "r_cordero": 1.7,
            "r_crystal": 1.46
        }
    }
,
    "W": {
        "5": {
            "VI": {
                "r_crystal": 0.76,
                "remark": "R",
                "spin": "",
                "r_ionic": 0.62
            }
        },
        "4": {
            "VI": {
                "r_crystal": 0.8,
                "remark": "RM",
                "spin": "",
                "r_ionic": 0.66
            }
        },
        "6": {
            "VI": {
                "r_crystal": 0.74,
                "remark": "*",
                "spin": "",
                "r_ionic": 0.6
            },
            "V": {
                "r_crystal": 0.65,
                "remark": "",
                "spin": "",
                "r_ionic": 0.51
            },
            "IV": {
                "r_crystal": 0.56,
                "remark": "*",
                "spin": "",
                "r_ionic": 0.42
            }
        },
        "0": {
            "r_cordero": 1.62,
            "r_crystal": 1.37
        }
    }
,
    "Re": {
        "5": {
            "VI": {
                "r_crystal": 0.72,
                "remark": "E",
                "spin": "",
                "r_ionic": 0.58
            }
        },
        "4": {
            "VI": {
                "r_crystal": 0.77,
                "remark": "RM",
                "spin": "",
                "r_ionic": 0.63
            }
        },
        "7": {
            "VI": {
                "r_crystal": 0.67,
                "remark": "",
                "spin": "",
                "r_ionic": 0.53
            },
            "IV": {
                "r_crystal": 0.52,
                "remark": "",
                "spin": "",
                "r_ionic": 0.38
            }
        },
        "6": {
            "VI": {
                "r_crystal": 0.69,
                "remark": "E",
                "spin": "",
                "r_ionic": 0.55
            }
        },
        "0": {
            "r_cordero": 1.51,
            "r_crystal": 1.31
        }
    }
,
    "Os": {
        "8": {
            "IV": {
                "r_crystal": 0.53,
                "remark": "",
                "spin": "",
                "r_ionic": 0.39
            }
        },
        "5": {
            "VI": {
                "r_crystal": 0.715,
                "remark": "E",
                "spin": "",
                "r_ionic": 0.575
            }
        },
        "4": {
            "VI": {
                "r_crystal": 0.77,
                "remark": "RM",
                "spin": "",
                "r_ionic": 0.63
            }
        },
        "7": {
            "VI": {
                "r_crystal": 0.665,
                "remark": "E",
                "spin": "",
                "r_ionic": 0.525
            }
        },
        "6": {
            "VI": {
                "r_crystal": 0.685,
                "remark": "E",
                "spin": "",
                "r_ionic": 0.545
            },
            "V": {
                "r_crystal": 0.63,
                "remark": "",
                "spin": "",
                "r_ionic": 0.49
            }
        },
        "0": {
            "r_cordero": 1.44,
            "r_crystal": 1.29
        }
    }
,
    "Ir": {
        "3": {
            "VI": {
                "r_crystal": 0.82,
                "remark": "E",
                "spin": "",
                "r_ionic": 0.68
            }
        },
        "5": {
            "VI": {
                "r_crystal": 0.71,
                "remark": "EM",
                "spin": "",
                "r_ionic": 0.57
            }
        },
        "4": {
            "VI": {
                "r_crystal": 0.765,
                "remark": "R",
                "spin": "",
                "r_ionic": 0.625
            }
        },
        "0": {
            "r_cordero": 1.41,
            "r_crystal": 1.22
        }
    }
,
    "Pt": {
        "2": {
            "IVSQ": {
                "r_crystal": 0.74,
                "remark": "",
                "spin": "",
                "r_ionic": 0.6
            },
            "VI": {
                "r_crystal": 0.94,
                "remark": "A",
                "spin": "",
                "r_ionic": 0.8
            }
        },
        "5": {
            "VI": {
                "r_crystal": 0.71,
                "remark": "ER",
                "spin": "",
                "r_ionic": 0.57
            }
        },
        "4": {
            "VI": {
                "r_crystal": 0.765,
                "remark": "R",
                "spin": "",
                "r_ionic": 0.625
            }
        },
        "0": {
            "r_cordero": 1.36,
            "r_crystal": 1.23
        }
    }
,
    "Au": {
        "1": {
            "VI": {
                "r_crystal": 1.51,
                "remark": "A",
                "spin": "",
                "r_ionic": 1.37
            }
        },
        "3": {
            "IVSQ": {
                "r_crystal": 0.82,
                "remark": "",
                "spin": "",
                "r_ionic": 0.68
            },
            "VI": {
                "r_crystal": 0.99,
                "remark": "A",
                "spin": "",
                "r_ionic": 0.85
            }
        },
        "5": {
            "VI": {
                "r_crystal": 0.71,
                "remark": "",
                "spin": "",
                "r_ionic": 0.57
            }
        },
        "0": {
            "r_cordero": 1.36,
            "r_crystal": 1.24
        }
    }
,
    "Hg": {
        "1": {
            "VI": {
                "r_crystal": 1.33,
                "remark": "",
                "spin": "",
                "r_ionic": 1.19
            },
            "III": {
                "r_crystal": 1.11,
                "remark": "",
                "spin": "",
                "r_ionic": 0.97
            }
        },
        "2": {
            "II": {
                "r_crystal": 0.83,
                "remark": "",
                "spin": "",
                "r_ionic": 0.69
            },
            "VI": {
                "r_crystal": 1.16,
                "remark": "",
                "spin": "",
                "r_ionic": 1.02
            },
            "VIII": {
                "r_crystal": 1.28,
                "remark": "R",
                "spin": "",
                "r_ionic": 1.14
            },
            "IV": {
                "r_crystal": 1.1,
                "remark": "",
                "spin": "",
                "r_ionic": 0.96
            }
        },
        "0": {
            "r_cordero": 1.32,
            "r_crystal": 1.33
        }
    }
,
    "Tl": {
        "1": {
            "VI": {
                "r_crystal": 1.64,
                "remark": "R",
                "spin": "",
                "r_ionic": 1.5
            },
            "VIII": {
                "r_crystal": 1.73,
                "remark": "R",
                "spin": "",
                "r_ionic": 1.59
            },
            "XII": {
                "r_crystal": 1.84,
                "remark": "RE",
                "spin": "",
                "r_ionic": 1.7
            }
        },
        "3": {
            "VI": {
                "r_crystal": 1.025,
                "remark": "R",
                "spin": "",
                "r_ionic": 0.885
            },
            "VIII": {
                "r_crystal": 1.12,
                "remark": "C",
                "spin": "",
                "r_ionic": 0.98
            },
            "IV": {
                "r_crystal": 0.89,
                "remark": "",
                "spin": "",
                "r_ionic": 0.75
            }
        },
        "0": {
            "r_cordero": 1.45,
            "r_crystal": 1.44
        }
    }
,
    "Pb": {
        "2": {
            "IX": {
                "r_crystal": 1.49,
                "remark": "C",
                "spin": "",
                "r_ionic": 1.35
            },
            "XI": {
                "r_crystal": 1.59,
                "remark": "C",
                "spin": "",
                "r_ionic": 1.45
            },
            "VI": {
                "r_crystal": 1.33,
                "remark": "",
                "spin": "",
                "r_ionic": 1.19
            },
            "VII": {
                "r_crystal": 1.37,
                "remark": "C",
                "spin": "",
                "r_ionic": 1.23
            },
            "VIII": {
                "r_crystal": 1.43,
                "remark": "C",
                "spin": "",
                "r_ionic": 1.29
            },
            "XII": {
                "r_crystal": 1.63,
                "remark": "",
                "spin": "",
                "r_ionic": 1.49
            },
            "IVPY": {
                "r_crystal": 1.12,
                "remark": "C",
                "spin": "",
                "r_ionic": 0.98
            },
            "X": {
                "r_crystal": 1.54,
                "remark": "C",
                "spin": "",
                "r_ionic": 1.4
            }
        },
        "4": {
            "VI": {
                "r_crystal": 0.915,
                "remark": "R",
                "spin": "",
                "r_ionic": 0.775
            },
            "V": {
                "r_crystal": 0.87,
                "remark": "E",
                "spin": "",
                "r_ionic": 0.73
            },
            "VIII": {
                "r_crystal": 1.08,
                "remark": "R",
                "spin": "",
                "r_ionic": 0.94
            },
            "IV": {
                "r_crystal": 0.79,
                "remark": "E",
                "spin": "",
                "r_ionic": 0.65
            }
        },
        "0": {
            "r_cordero": 1.46,
            "r_crystal": 1.44
        }
    }
,
    "Bi": {
        "3": {
            "VI": {
                "r_crystal": 1.17,
                "remark": "R*",
                "spin": "",
                "r_ionic": 1.03
            },
            "VIII": {
                "r_crystal": 1.31,
                "remark": "R",
                "spin": "",
                "r_ionic": 1.17
            },
            "V": {
                "r_crystal": 1.1,
                "remark": "C",
                "spin": "",
                "r_ionic": 0.96
            }
        },
        "5": {
            "VI": {
                "r_crystal": 0.9,
                "remark": "E",
                "spin": "",
                "r_ionic": 0.76
            }
        },
        "0": {
            "r_cordero": 1.48,
            "r_crystal": 1.51
        }
    }
,
    "Po": {
        "4": {
            "VI": {
                "r_crystal": 1.08,
                "remark": "R",
                "spin": "",
                "r_ionic": 0.94
            },
            "VIII": {
                "r_crystal": 1.22,
                "remark": "R",
                "spin": "",
                "r_ionic": 1.08
            }
        },
        "6": {
            "VI": {
                "r_crystal": 0.81,
                "remark": "A",
                "spin": "",
                "r_ionic": 0.67
            }
        },
        "0": {
            "r_cordero": 1.4,
            "r_crystal": 1.45
        }
    }
,
    "At": {
        "7": {
            "VI": {
                "r_crystal": 0.76,
                "remark": "A",
                "spin": "",
                "r_ionic": 0.62
            }
        },
        "0": {
            "r_cordero": 1.5,
            "r_crystal": 1.47
        }
    }
,
    "Fr": {
        "1": {
            "VI": {
                "r_crystal": 1.94,
                "remark": "A",
                "spin": "",
                "r_ionic": 1.8
            }
        },
        "0": {
            "r_cordero": 2.6,
            "r_crystal": 2.23
        }
    }
,
    "Ra": {
        "2": {
            "XII": {
                "r_crystal": 1.84,
                "remark": "R",
                "spin": "",
                "r_ionic": 1.7
            },
            "VIII": {
                "r_crystal": 1.62,
                "remark": "R",
                "spin": "",
                "r_ionic": 1.48
            }
        },
        "0": {
            "r_cordero": 2.21,
            "r_crystal": 2.01
        }
    }
,
    "Ac": {
        "3": {
            "VI": {
                "r_crystal": 1.26,
                "remark": "R",
                "spin": "",
                "r_ionic": 1.12
            }
        },
        "0": {
            "r_cordero": 2.15,
            "r_crystal": 1.86
        }
    }
,
    "Th": {
        "4": {
            "IX": {
                "r_crystal": 1.23,
                "remark": "*",
                "spin": "",
                "r_ionic": 1.09
            },
            "XI": {
                "r_crystal": 1.32,
                "remark": "C",
                "spin": "",
                "r_ionic": 1.18
            },
            "VI": {
                "r_crystal": 1.08,
                "remark": "C",
                "spin": "",
                "r_ionic": 0.94
            },
            "VIII": {
                "r_crystal": 1.19,
                "remark": "RC",
                "spin": "",
                "r_ionic": 1.05
            },
            "XII": {
                "r_crystal": 1.35,
                "remark": "C",
                "spin": "",
                "r_ionic": 1.21
            },
            "X": {
                "r_crystal": 1.27,
                "remark": "E",
                "spin": "",
                "r_ionic": 1.13
            }
        },
        "0": {
            "r_cordero": 2.06,
            "r_crystal": 1.75
        }
    }
,
    "Pa": {
        "3": {
            "VI": {
                "r_crystal": 1.18,
                "remark": "E",
                "spin": "",
                "r_ionic": 1.04
            }
        },
        "5": {
            "VI": {
                "r_crystal": 0.92,
                "remark": "",
                "spin": "",
                "r_ionic": 0.78
            },
            "VIII": {
                "r_crystal": 1.05,
                "remark": "",
                "spin": "",
                "r_ionic": 0.91
            },
            "IX": {
                "r_crystal": 1.09,
                "remark": "",
                "spin": "",
                "r_ionic": 0.95
            }
        },
        "4": {
            "VI": {
                "r_crystal": 1.04,
                "remark": "R",
                "spin": "",
                "r_ionic": 0.9
            },
            "VIII": {
                "r_crystal": 1.15,
                "remark": "",
                "spin": "",
                "r_ionic": 1.01
            }
        },
        "0": {
            "r_cordero": 2.0,
            "r_crystal": 1.69
        }
    }
,
    "U": {
        "3": {
            "VI": {
                "r_crystal": 1.165,
                "remark": "R",
                "spin": "",
                "r_ionic": 1.025
            }
        },
        "5": {
            "VI": {
                "r_crystal": 0.9,
                "remark": "",
                "spin": "",
                "r_ionic": 0.76
            },
            "VII": {
                "r_crystal": 0.98,
                "remark": "E",
                "spin": "",
                "r_ionic": 0.84
            }
        },
        "4": {
            "VI": {
                "r_crystal": 1.03,
                "remark": "",
                "spin": "",
                "r_ionic": 0.89
            },
            "VII": {
                "r_crystal": 1.09,
                "remark": "E",
                "spin": "",
                "r_ionic": 0.95
            },
            "VIII": {
                "r_crystal": 1.14,
                "remark": "R*",
                "spin": "",
                "r_ionic": 1
            },
            "XII": {
                "r_crystal": 1.31,
                "remark": "E",
                "spin": "",
                "r_ionic": 1.17
            },
            "IX": {
                "r_crystal": 1.19,
                "remark": "",
                "spin": "",
                "r_ionic": 1.05
            }
        },
        "6": {
            "II": {
                "r_crystal": 0.59,
                "remark": "",
                "spin": "",
                "r_ionic": 0.45
            },
            "VI": {
                "r_crystal": 0.87,
                "remark": "*",
                "spin": "",
                "r_ionic": 0.73
            },
            "VII": {
                "r_crystal": 0.95,
                "remark": "E",
                "spin": "",
                "r_ionic": 0.81
            },
            "VIII": {
                "r_crystal": 1,
                "remark": "",
                "spin": "",
                "r_ionic": 0.86
            },
            "IV": {
                "r_crystal": 0.66,
                "remark": "",
                "spin": "",
                "r_ionic": 0.52
            }
        },
        "0": {
            "r_cordero": 1.96,
            "r_crystal": 1.7
        }
    }
,
    "Np": {
        "3": {
            "VI": {
                "r_crystal": 1.15,
                "remark": "R",
                "spin": "",
                "r_ionic": 1.01
            }
        },
        "2": {
            "VI": {
                "r_crystal": 1.24,
                "remark": "",
                "spin": "",
                "r_ionic": 1.1
            }
        },
        "5": {
            "VI": {
                "r_crystal": 0.89,
                "remark": "",
                "spin": "",
                "r_ionic": 0.75
            }
        },
        "4": {
            "VI": {
                "r_crystal": 1.01,
                "remark": "R",
                "spin": "",
                "r_ionic": 0.87
            },
            "VIII": {
                "r_crystal": 1.12,
                "remark": "R",
                "spin": "",
                "r_ionic": 0.98
            }
        },
        "7": {
            "VI": {
                "r_crystal": 0.85,
                "remark": "A",
                "spin": "",
                "r_ionic": 0.71
            }
        },
        "6": {
            "VI": {
                "r_crystal": 0.86,
                "remark": "R",
                "spin": "",
                "r_ionic": 0.72
            }
        },
        "0": {
            "r_cordero": 1.9,
            "r_crystal": 1.71
        }
    }
,
    "Pu": {
        "3": {
            "VI": {
                "r_crystal": 1.14,
                "remark": "R",
                "spin": "",
                "r_ionic": 1
            }
        },
        "5": {
            "VI": {
                "r_crystal": 0.88,
                "remark": "E",
                "spin": "",
                "r_ionic": 0.74
            }
        },
        "4": {
            "VI": {
                "r_crystal": 1,
                "remark": "R",
                "spin": "",
                "r_ionic": 0.86
            },
            "VIII": {
                "r_crystal": 1.1,
                "remark": "",
                "spin": "",
                "r_ionic": 0.96
            }
        },
        "6": {
            "VI": {
                "r_crystal": 0.85,
                "remark": "R",
                "spin": "",
                "r_ionic": 0.71
            }
        },
        "0": {
            "r_cordero": 1.87,
            "r_crystal": 1.72
        }
    }
,
    "Am": {
        "3": {
            "VI": {
                "r_crystal": 1.115,
                "remark": "R",
                "spin": "",
                "r_ionic": 0.975
            },
            "VIII": {
                "r_crystal": 1.23,
                "remark": "",
                "spin": "",
                "r_ionic": 1.09
            }
        },
        "2": {
            "IX": {
                "r_crystal": 1.45,
                "remark": "",
                "spin": "",
                "r_ionic": 1.31
            },
            "VII": {
                "r_crystal": 1.35,
                "remark": "",
                "spin": "",
                "r_ionic": 1.21
            },
            "VIII": {
                "r_crystal": 1.4,
                "remark": "",
                "spin": "",
                "r_ionic": 1.26
            }
        },
        "4": {
            "VI": {
                "r_crystal": 0.99,
                "remark": "R",
                "spin": "",
                "r_ionic": 0.85
            },
            "VIII": {
                "r_crystal": 1.09,
                "remark": "",
                "spin": "",
                "r_ionic": 0.95
            }
        },
        "0": {
            "r_cordero": 1.8,
            "r_crystal": 1.66
        }
    }
,
    "Cm": {
        "3": {
            "VI": {
                "r_crystal": 1.11,
                "remark": "R",
                "spin": "",
                "r_ionic": 0.97
            }
        },
        "4": {
            "VI": {
                "r_crystal": 0.99,
                "remark": "R",
                "spin": "",
                "r_ionic": 0.85
            },
            "VIII": {
                "r_crystal": 1.09,
                "remark": "R",
                "spin": "",
                "r_ionic": 0.95
            }
        },
        "0": {
            "r_cordero": 1.69,
            "r_crystal": 1.66
        }
    }
,
    "Bk": {
        "3": {
            "VI": {
                "r_crystal": 1.1,
                "remark": "R",
                "spin": "",
                "r_ionic": 0.96
            }
        },
        "4": {
            "VI": {
                "r_crystal": 0.97,
                "remark": "R",
                "spin": "",
                "r_ionic": 0.83
            },
            "VIII": {
                "r_crystal": 1.07,
                "remark": "R",
                "spin": "",
                "r_ionic": 0.93
            }
        }
    }
,
    "Cf": {
        "3": {
            "VI": {
                "r_crystal": 1.09,
                "remark": "R",
                "spin": "",
                "r_ionic": 0.95
            }
        },
        "4": {
            "VI": {
                "r_crystal": 0.961,
                "remark": "R",
                "spin": "",
                "r_ionic": 0.821
            },
            "VIII": {
                "r_crystal": 1.06,
                "remark": "",
                "spin": "",
                "r_ionic": 0.92
            }
        }
    }
,
    "D": {
        "1": {
            "II": {
                "r_crystal": 0.04,
                "remark": "",
                "spin": "",
                "r_ionic": -0.1
            }
        }
    }
,
    "No": {
        "2": {
            "VI": {
                "r_crystal": 1.24,
                "remark": "E",
                "spin": "",
                "r_ionic": 1.1
            }
        }
    }
,
    "OH": {
        "-1": {
            "II": {
                "r_crystal": 1.18,
                "remark": "",
                "spin": "",
                "r_ionic": 1.32
            },
            "VI": {
                "r_crystal": 1.23,
                "remark": "E",
                "spin": "",
                "r_ionic": 1.37
            },
            "III": {
                "r_crystal": 1.2,
                "remark": "",
                "spin": "",
                "r_ionic": 1.34
            },
            "IV": {
                "r_crystal": 1.21,
                "remark": "E",
                "spin": "",
                "r_ionic": 1.35
            }
        }
    }

}